shower,9
mermaid,12
lion,15
turkey,19
skeleton,20
microscope,28
farm,30
crown,32
ear,35
pear,42
shadow,55
elbow,56
button,64
candle,68
banana,69
trophy,71
balloon,75
broccoli,76
camel,77
key,78
keyboard,79
helicopter,80
mask,84
diamond,85
robot,87
mouth,91
milk,96
tiger,98
nose,100
elevator,104
calendar,108
dragon,111
fruit,114
hippopotamus,115
fire,116
chair,122
kiwi,125
parachute,126
lemon,129
ghost,139
domino,154
coconut,163
belt,165
back,169
mushroom,177
triangle,181
witch,184
salad,191
jellyfish,193
skirt,199
microphone,208
boomerang,209
knee,222
zipper,223
giraffe,236
brain,247
potato,249
shovel,255
pirate,265
knot,267
bed,268
arrow,270
pomegranate,281
rhinoceros,282
carrot,285
tunnel,286
compass,292
sword,301
mime,303
die,308
flower,312
cow,319
owl,323
tomato,326
bra,331
ruler,336
mirror,340
goat,354
car,358
dolphin,361
fan,363
pot,369
lobster,378
zebra,379
gorilla,380
strawberry,381
bomb,386
stapler,387
anchor,405
mountain,407
fist,411
sock,416
comb,426
crab,428
volcano,439
pineapple,442
star,447
jar,448
scissors,453
judge,466
arm,473
apron,476
avocado,477
sink,478
kangaroo,479
rose,480
squirrel,484
sun,488
pizza,489
skunk,493
mustache,494
circle,496
lips,513
calculator,516
rope,517
fox,521
clown,532
shark,533
astronaut,539
lighthouse,540
door,546
bat,547
snake,549
pumpkin,551
Apple,552
watermelon,560
caterpillar,561
spoon,564
bell,565
elephant,579
ant,585
broom,590
koala,601
harp,605
Frog,612
queen,614
scarf,628
funnel,633
cactus,640
ambulance,649
umbrella,653
pencil,654
fork,673
windmill,675
bow,680
penguin,682
cherry,692
tree,693
earring,698
telescope,699
doctor,710
kite,720
kitchen,730
scarecrow,743
spider,38
snail,152
island,260
bible,350
lamp,414
cannon,437
tongue,503
face,510
swan,528
well,745
desert,47
maze,121
ostrich,299
scorpion,370
bench,449
king,451
baby,507
doctor,544
honey,610
cowboy,29
heart,83
lung,112
cigarette,153
ankle,205
light bulb,244
plumber,294
bracelet,588
battery,656
medal,657
coffee,666
trumpet,200
diaper,218
dentist,246
razor,311
lightning,506
eggplant,573
hair,102
butcher,254
walrus,529
turtle,531
asparagus,581
airport,617
drawer,661
lake,113
cloud,599
sweater,607
Ferris wheel,652
corner,124
beard,159
bus,273
leaf,318
thumb,438
piano,626
glasses,733
fairy,7
boxer,21
lizard,252
guitar,357
knife,359
shield,501
fingerprint,537
leg,8
eye,241
house,522
fence,530
castle,568
roof,66
hug,694
wave,73
train,226
lighter,558
feather,97
sunflower,141
chain,391
basket,487
devil,17
tractor,74
condom,608
tank,621
donkey,624
pilot,669
candy,741
balcony,63
fan,368
whale,724
bull,570
pocket,39
green house,106
pistachio,410
man,691
hand,264
foot,455
beak,575
puzzle,238
submarine,514
cucumber,559
gloves,576
corn,587
chocolate,593
wig,277
pig,446
iron,586
suspenders,671
rocket,681
pants,718
bell,433
sausage,441
acorn,228
root,245
bear,637
helmet,327
dragonfly,404
book,505
saw,52
printer,204
wing,307
parrot,172
toaster,562
factory,412
hose,727
tooth,569
river,86
flag,295
lock,349
sheep,636
bone,24
road,164
drum,278
box,508
lawn mower,711
mouse,1
onion,26
seal,92
egg,423
choir,253
bottle,343
screwdriver,46
wheelbarrow,160
heel,266
butterfly,351
curtain,418
mitten,431
cane,676
accordion,717
duck,400
watch,452
mailman,242
rug,491
painting,99
window,597
pacifier,221
trigger,291
axe,422
fly,462
waiter,726
teapot,392
horse,117
throne,420
sled,625
ice cream,309
shoe,541
computer,196
net,346
tattoo,413
square,472
stamp,57
coffin,497
lettuce,592
pelican,662
puddle,150
cauliflower,373
cork,409
fire extinguisher,702
faucet,140
hammer,216
violin,566
sculptor,376
saxophone,107
wolf,557
pipe,148
rain,190
seagull,220
bee,672
bullet,155
thermometer,192
soldier,317
butter,335
tie,161
pool,362
olive,146
soap,619
doll,128
rectangle,463
plant,611
map,677
pharmacy,173
magnet,571
sponge,650
radio,659
shoelace,167
soccer ball,185
paintbrush,224
scar,207
cube,595
dog,707
eraser,464
tub,747
ballerina,399
woman,239
dinosaur,293
coat,644
meat,81
truck,535
toad,584
wall,227
towel,591
eyebrow,578
wizard,736
trash can,145
dynamite,634
pool table,715
UFO,315
night,342
deer,105
bridge,178
forest,288
newspaper,61
flipper,341
salt,233
plate,234
cheese,72
glass,142
iceberg,577
juggler,572
ball,732
orchestra,70
Statue of Liberty,729
bagpipe,425
puppet,554
scale,212
perfume,314
rat,137
chameleon,269
branch,536
vulture,563
envelope,310
cape,275
pimple,700
snow,390
chin,6
couch,67
rabbit,271
bowling pin,746
shoulder,5
hat,690
peach,697
needle,235
singer,131
swimmer,709
spear,367
wrinkles,701
pyramid,457
moon,90
present,338
church,320
steering wheel,398
boat,482
bag,53
hunter,16
soup,651
prison,623
llama,232
underwear,545
cemetery,603
city,187
keyhole,149
barber,313
wasp,62
hedgehog,365
chicken,454
compass,197
coin,383
telephone,509
alligator,330
robe,14
engine,186
gun,461
nipple,210
horn,678
turkey,668
clothespin,467
park,82
airplane,297
painter,175
finger,408
church,4
sack,127
goal,170
trailer,683
lab,582
bird,430
boy,499
recorder,156
baguette,258
firefighter,48
birdcage,290
stairs,500
purse,388
fish tank,689
limo,283
shepherd,502
column,663
monster,337
alligator,189
crutch,88
fish,324
shirt,353
bicycle,23
cat,606
shirt,687
fridge,138
chimpanzee,708
hairbrush,43
knife,465
burger,11
drum set,101
desk,110
fishing,740
hot dog,627
lamppost,261
pencil case,609
washing machine,734
wardrobe,458
syringe,594
wound,118
wagon,248
rifle,645
bell pepper,348
castle,240
finger,289
chest,231
oil,456
Native American,524
breakfast,555
cracker,616
fig,397