mouse,1
nose,100
drum set,101
hair,102
elevator,104
deer,105
green house,106
saxophone,107
calendar,108
burger,11
desk,110
lung,112
lake,113
fruit,114
hippopotamus,115
fire,116
horse,117
wound,118
maze,121
chair,122
corner,124
kiwi,125
parachute,126
sack,127
doll,128
lemon,129
singer,131
rat,137
fridge,138
ghost,139
robe,14
faucet,140
sunflower,141
glass,142
trash can,145
olive,146
pipe,148
keyhole,149
lion,15
puddle,150
snail,152
cigarette,153
domino,154
bullet,155
recorder,156
beard,159
hunter,16
wheelbarrow,160
tie,161
coconut,163
road,164
belt,165
shoelace,167
back,169
goal,170
parrot,172
pharmacy,173
painter,175
mushroom,177
bridge,178
triangle,181
witch,184
soccer ball,185
engine,186
city,187
alligator,189
turkey,668
rain,190
salad,191
thermometer,192
jellyfish,193
computer,196
compass,197
skirt,199
printer,204
ankle,205
scar,207
microphone,208
boomerang,209
scale,212
hammer,216
diaper,218
seagull,220
knee,222
zipper,223
paintbrush,224
train,226
wall,227
acorn,228
bicycle,23
chest,231
llama,232
salt,233
plate,234
needle,235
giraffe,236
puzzle,238
woman,239
bone,24
castle,240
eye,241
mailman,242
light bulb,244
root,245
dentist,246
brain,247
wagon,248
potato,249
lizard,252
choir,253
butcher,254
shovel,255
baguette,258
island,260
lamppost,261
hand,264
pirate,265
heel,266
knot,267
bed,268
chameleon,269
arrow,270
bus,273
cape,275
wig,277
drum,278
pomegranate,281
rhinoceros,282
limo,283
carrot,285
tunnel,286
forest,288
birdcage,290
trigger,291
dinosaur,293
plumber,294
flag,295
ostrich,299
sword,301
mime,303
wing,307
die,308
ice cream,309
envelope,310
razor,311
flower,312
barber,313
perfume,314
UFO,315
soldier,317
leaf,318
cow,319
crown,32
owl,323
tomato,326
helmet,327
bra,331
butter,335
ruler,336
monster,337
present,338
mirror,340
flipper,341
night,342
net,346
bell pepper,348
lock,349
bible,350
butterfly,351
shirt,353
goat,354
guitar,357
car,358
dolphin,361
pool,362
hedgehog,365
spear,367
fan,368
pot,369
scorpion,370
cauliflower,373
lobster,378
zebra,379
gorilla,380
strawberry,381
coin,383
bomb,386
stapler,387
purse,388
snow,390
chain,391
teapot,392
fig,397
steering wheel,398
ballerina,399
church,4
duck,400
dragonfly,404
anchor,405
cork,409
pistachio,410
fist,411
factory,412
tattoo,413
lamp,414
sock,416
curtain,418
pear,42
throne,420
egg,423
bagpipe,425
comb,426
hairbrush,43
mitten,431
bell,433
cannon,437
thumb,438
volcano,439
sausage,441
pineapple,442
pig,446
star,447
jar,448
bench,449
watch,452
scissors,453
chicken,454
foot,455
oil,456
pyramid,457
wardrobe,458
screwdriver,46
gun,461
fly,462
rectangle,463
eraser,464
knife,465
clothespin,467
square,472
arm,473
apron,476
avocado,477
kangaroo,479
firefighter,48
rose,480
boat,482
squirrel,484
basket,487
sun,488
pizza,489
rug,491
skunk,493
mustache,494
circle,496
coffin,497
boy,499
shoulder,5
stairs,500
shield,501
shepherd,502
tongue,503
book,505
lightning,506
baby,507
box,508
telephone,509
face,510
lips,513
submarine,514
calculator,516
rope,517
saw,52
fox,521
house,522
swan,528
walrus,529
bag,53
fence,530
turtle,531
clown,532
shark,533
truck,535
branch,536
fingerprint,537
astronaut,539
lighthouse,540
shoe,541
underwear,545
door,546
bat,547
snake,549
shadow,55
pumpkin,551
Apple,552
puppet,554
breakfast,555
wolf,557
lighter,558
cucumber,559
watermelon,560
caterpillar,561
toaster,562
vulture,563
spoon,564
violin,566
stamp,57
bull,570
magnet,571
juggler,572
eggplant,573
beak,575
gloves,576
iceberg,577
eyebrow,578
elephant,579
asparagus,581
lab,582
toad,584
ant,585
iron,586
corn,587
bracelet,588
broom,590
towel,591
lettuce,592
chocolate,593
syringe,594
cube,595
window,597
cloud,599
koala,601
cemetery,603
harp,605
sweater,607
pencil case,609
newspaper,61
honey,610
plant,611
frog,612
airport,617
soap,619
wasp,62
tank,621
prison,623
sled,625
piano,626
hot dog,627
funnel,633
dynamite,634
sheep,636
bear,637
button,64
cactus,640
coat,644
rifle,645
sponge,650
umbrella,653
battery,656
roof,66
pelican,662
coffee,666
couch,67
fork,673
cane,676
map,677
candle,68
banana,69
tree,693
telescope,699
fairy,7
orchestra,70
trophy,71
cheese,72
wave,73
kite,720
whale,724
ball,732
glasses,733
tractor,74
tub,747
balloon,75
broccoli,76
camel,77
key,78
leg,8
helicopter,80
meat,81
park,82
heart,83
mask,84
diamond,85
river,86
robot,87
crutch,88
shower,9
moon,90
mouth,91
seal,92
milk,96
feather,97
tiger,98
painting,99